{
  "512x512": 43.69536590999365,
  "1024x1024": 192.32284686279297,
  "768x1024": 130.6475,
  "1920x1080": 429.96025,
  "1024x768": 85.82050000000001
}