{
  "512x512": 935.7298414774984,
  "1024x1024": 192.32284686279297,
  "768x1024": 609.02459375,
  "1920x1080": 92.06403125,
  "1024x768": 85.82050000000001,
  "768x432": 108.818259765625
}